<?xml version="1.0" encoding="UTF-8"?>
		}
<rss version="2.0" xmlns:ror="http://rorweb.com/0.1/" >
<channel>
  <title>ROR Sitemap for http://sachinkumarmeena.co.in/</title>
  <link>http://sachinkumarmeena.co.in/</link>

<item>
     <link>http://sachinkumarmeena.co.in/</link>
     <title>Sachin Kumar Meena | Portfolio </title>
     <description>Sachin Kumar Meena, I'm a Project Consultant &amp; Web Developer from Jaipur, Rajasthan, India . I am a person of creative skills, aiming high in life to achieve my goals. Having + 4 years of Coding and Designing experience. The objectives are very clear - To set goals and to achieve them with respect. My creative and motivation skills give me an edge over others. Talking about my area of interest is, Web Development and Graphics Designing pertaining which I have wrapped up projects using Asp.net, P</description>
     <ror:updatePeriod></ror:updatePeriod>
     <ror:sortOrder>0</ror:sortOrder>
     <ror:resourceOf>sitemap</ror:resourceOf>
</item>
<item>
     <link>http://sachinkumarmeena.co.in/extras/Sachin_Resume.pdf</link>
     <title></title>
     
     <ror:updatePeriod></ror:updatePeriod>
     <ror:sortOrder>1</ror:sortOrder>
     <ror:resourceOf>sitemap</ror:resourceOf>
</item>
<item>
     <link>http://sachinkumarmeena.co.in/website-design-project.html</link>
     <title></title>
     
     <ror:updatePeriod></ror:updatePeriod>
     <ror:sortOrder>1</ror:sortOrder>
     <ror:resourceOf>sitemap</ror:resourceOf>
</item>
<item>
     <link>http://sachinkumarmeena.co.in/website-development-project.html</link>
     <title></title>
     
     <ror:updatePeriod></ror:updatePeriod>
     <ror:sortOrder>1</ror:sortOrder>
     <ror:resourceOf>sitemap</ror:resourceOf>
</item>
<item>
     <link>http://sachinkumarmeena.co.in/graphic-designing-project.html</link>
     <title></title>
     
     <ror:updatePeriod></ror:updatePeriod>
     <ror:sortOrder>1</ror:sortOrder>
     <ror:resourceOf>sitemap</ror:resourceOf>
</item>
<item>
     <link>http://sachinkumarmeena.co.in/mobile-app-development-project.html</link>
     <title></title>
     
     <ror:updatePeriod></ror:updatePeriod>
     <ror:sortOrder>1</ror:sortOrder>
     <ror:resourceOf>sitemap</ror:resourceOf>
</item>
</channel>
</rss>
  